Cl,T1_Re1.000_M0.00_N9.0, , Cl,T1_Re2.000_M0.00_N9.0, , Cl,T1_Re3.000_M0.00_N9.0, , Cl,T1_Re4.000_M0.00_N9.0, , Cl,T1_Re5.000_M0.00_N9.0, , Cl,T1_Re6.000_M0.00_N9.0, , Cl,T1_Re7.000_M0.00_N9.0, , Cl,T1_Re8.000_M0.00_N9.0, , Cl,T1_Re9.000_M0.00_N9.0, , Cl,T1_Re10.000_M0.00_N9.0, , 
    -1.000207,    0.06834768, ,    -0.9459338,      0.095255, ,     -1.317909,    0.03587785, ,     -1.407107,    0.02685984, ,     -1.459695,    0.02176805, ,     -1.481351,    0.01860248, ,     -1.493749,    0.01665365, ,     -1.501026,    0.01533638, ,     -1.504747,    0.01457432, ,     -1.507258,    0.01401275, , 
    -1.039838,     0.0581838, ,    -0.9556738,    0.08859462, ,     -1.305524,    0.03518549, ,     -1.392613,    0.02646358, ,     -1.439446,    0.02166312, ,     -1.460197,    0.01860251, ,      -1.47268,    0.01658891, ,      -1.47978,    0.01526208, ,     -1.483939,    0.01437803, ,     -1.486522,    0.01376584, , 
    -1.057001,    0.05305147, ,    -0.9625875,     0.0822515, ,     -1.292895,     0.0345381, ,     -1.378472,    0.02608307, ,     -1.419731,    0.02146715, ,     -1.439101,    0.01859186, ,     -1.451375,    0.01655895, ,     -1.458621,    0.01516213, ,     -1.462903,    0.01421271, ,     -1.465529,    0.01355489, , 
    -1.068039,    0.04919778, ,    -0.9684941,    0.07602476, ,     -1.279558,    0.03398302, ,     -1.364813,    0.02571514, ,     -1.400118,    0.02125659, ,     -1.418374,    0.01852211, ,     -1.430028,    0.01653256, ,     -1.437264,    0.01509421, ,     -1.441624,    0.01408815, ,     -1.444312,    0.01337877, , 
    -1.075692,    0.04602457, ,    -0.9755108,    0.06991073, ,     -1.266546,    0.03339969, ,     -1.349419,    0.02539028, ,     -1.380443,    0.02107807, ,     -1.398096,    0.01837547, ,     -1.408888,    0.01646535, ,     -1.415854,    0.01503137, ,     -1.420199,    0.01398729, ,     -1.422893,    0.01323779, , 
    -1.081128,     0.0432856, ,    -0.9861584,    0.06381936, ,     -1.253453,    0.03285034, ,     -1.331906,    0.02511127, ,     -1.360741,    0.02092676, ,     -1.377712,     0.0182373, ,     -1.388105,    0.01632501, ,     -1.394575,    0.01493456, ,     -1.398739,    0.01388631, ,     -1.401374,    0.01311079, , 
    -1.084967,    0.04085834, ,     -1.003649,    0.05752071, ,     -1.240214,    0.03233496, ,     -1.313177,    0.02491765, ,      -1.34084,    0.02080193, ,     -1.357183,    0.01811622, ,     -1.367266,    0.01618694, ,     -1.373509,    0.01478144, ,     -1.377366,    0.01375356, ,     -1.379837,    0.01297622, , 
    -1.087654,    0.03867567, ,      -1.03424,    0.05030835, ,     -1.226925,    0.03185278, ,     -1.294543,    0.02466775, ,     -1.320463,    0.02074482, ,      -1.33611,    0.01808638, ,     -1.346233,    0.01608153, ,     -1.352347,    0.01464139, ,     -1.356064,    0.01358904, ,     -1.358336,    0.01281551, , 
    -1.089704,    0.03670213, ,     -1.094689,     0.0405197, ,     -1.213704,    0.03140304, ,     -1.275633,    0.02444527, ,      -1.30051,    0.02061802, ,     -1.315497,    0.01797325, ,      -1.32497,    0.01602227, ,     -1.330939,    0.01455648, ,     -1.334725,    0.01342234, ,     -1.337005,    0.01257345, , 
    -1.091744,    0.03492501, ,     -1.160711,    0.03163684, ,     -1.200762,    0.03098164, ,     -1.256632,    0.02425838, ,     -1.280494,    0.02049666, ,      -1.29485,    0.01786414, ,     -1.303968,    0.01590643, ,     -1.309703,    0.01442481, ,     -1.313168,    0.01331513, ,     -1.315242,    0.01247651, , 
     -1.08828,     0.0331425, ,     -1.177439,    0.02746835, ,     -1.188418,    0.03058918, ,     -1.237648,    0.02410308, ,     -1.260434,    0.02037984, ,      -1.27419,    0.01775757, ,     -1.282952,    0.01579405, ,     -1.288455,    0.01429427, ,     -1.291742,    0.01315969, ,     -1.293604,    0.01231967, , 
    -1.081192,    0.03143163, ,     -1.173248,    0.02510367, ,     -1.174971,    0.03026102, ,     -1.218547,    0.02396595, ,     -1.240349,    0.02026686, ,     -1.253541,    0.01765199, ,     -1.261946,    0.01568311, ,     -1.267201,    0.01416667, ,      -1.27029,    0.01300798, ,     -1.271973,     0.0121467, , 
    -1.072441,    0.02985317, ,     -1.163096,    0.02351208, ,     -1.158136,     0.0300314, ,      -1.19931,    0.02384534, ,     -1.220262,     0.0201569, ,     -1.232927,    0.01754553, ,     -1.240976,    0.01557117, ,     -1.245965,    0.01403945, ,     -1.248832,    0.01285844, ,     -1.250313,    0.01197508, , 
    -1.062127,    0.02834643, ,     -1.150017,    0.02225541, ,     -1.141333,    0.02970807, ,     -1.179986,    0.02373759, ,     -1.200205,    0.02004759, ,      -1.21238,    0.01743499, ,     -1.220067,    0.01545463, ,      -1.22477,    0.01390897, ,     -1.227386,    0.01270734, ,     -1.228639,    0.01180255, , 
    -1.050431,    0.02690795, ,     -1.135473,    0.02114472, ,     -1.121625,    0.02977493, ,     -1.160841,    0.02360091, ,     -1.180252,     0.0199278, ,     -1.191943,    0.01731216, ,     -1.199248,    0.01532614, ,     -1.203635,     0.0137686, ,     -1.205969,    0.01254902, ,     -1.206963,    0.01162529, , 
    -1.037533,    0.02554067, ,     -1.119751,    0.02016117, ,     -1.099737,    0.03018637, ,      -1.14197,     0.0234196, ,     -1.161345,     0.0195964, ,     -1.171798,    0.01712742, ,      -1.17858,    0.01515879, ,     -1.182586,     0.0135989, ,     -1.184592,    0.01236878, ,     -1.185288,    0.01143298, , 
    -1.023591,    0.02424612, ,     -1.103157,    0.01926984, ,     -1.114509,     0.0248934, ,      -1.12163,     0.0235197, ,     -1.141213,     0.0195354, ,     -1.152033,     0.0168345, ,     -1.158375,    0.01481745, ,     -1.161852,    0.01324771, ,      -1.16334,    0.01202806, ,     -1.163598,    0.01111902, , 
    -1.008741,    0.02302566, ,     -1.085867,     0.0184501, ,     -1.112631,    0.02148473, ,      -1.10023,    0.02385134, ,     -1.120931,    0.01952169, ,     -1.131484,    0.01673759, ,     -1.137483,    0.01468701, ,     -1.140643,    0.01309634, ,     -1.141842,    0.01185803, ,     -1.141824,    0.01093394, , 
   -0.9930936,    0.02188102, ,     -1.067988,     0.0176889, ,     -1.100123,    0.01978615, ,     -1.078402,    0.02009448, ,     -1.100279,    0.01960194, ,     -1.110866,    0.01666163, ,     -1.116597,    0.01455764, ,     -1.119434,     0.0129399, ,     -1.120298,    0.01168193, ,     -1.119994,    0.01074426, , 
   -0.9767316,    0.02081326, ,     -1.049579,    0.01697749, ,     -1.084689,    0.01854551, ,     -1.064762,    0.01828727, ,     -1.078829,    0.01990649, ,     -1.090179,    0.01662595, ,     -1.095736,    0.01443309, ,      -1.09825,     0.0127782, ,     -1.098749,    0.01149865, ,     -1.098104,    0.01054891, , 
   -0.9595823,    0.01986551, ,     -1.030677,    0.01630973, ,     -1.067675,    0.01753541, ,     -1.048053,    0.01706485, ,      -1.04822,    0.01701198, ,     -1.069347,    0.01667379, ,     -1.074908,    0.01432056, ,     -1.077103,    0.01261174, ,     -1.077202,    0.01130725, ,     -1.076182,     0.0103473, , 
   -0.9420789,    0.01891034, ,     -1.011312,    0.01568108, ,     -1.049615,    0.01666754, ,     -1.029943,    0.01610002, ,     -1.030349,    0.01593587, ,     -1.048039,    0.01695247, ,     -1.054108,    0.01423492, ,     -1.056002,    0.01244223, ,     -1.055664,    0.01110729, ,     -1.054237,    0.01013925, , 
   -0.9240161,    0.01801703, ,    -0.9915527,    0.01508877, ,     -1.030828,    0.01589885, ,     -1.010979,    0.01528399, ,     -1.011396,    0.01508084, ,    -0.7608548,   0.009563302, ,     -1.033289,    0.01421246, ,      -1.03494,    0.01227386, ,     -1.034134,    0.01089938, ,     -1.032274,    0.00992552, , 
   -0.9054556,    0.01718323, ,    -0.9714481,    0.01452918, ,     -1.011483,     0.0152038, ,     -0.991414,    0.01456348, ,    -0.9917769,    0.01434863, ,    -0.7358511,   0.009257859, ,     -1.012316,    0.01438728, ,     -1.013906,    0.01211715, ,     -1.012601,    0.01068655, ,     -1.010301,   0.009708527, , 
   -0.8864223,    0.01640644, ,    -0.9510316,     0.0139989, ,    -0.9916851,    0.01456527, ,    -0.9713966,    0.01389575, ,    -0.9717252,     0.0136761, ,    -0.7107441,   0.008961329, ,    -0.6027499,   0.007045188, ,    -0.9929794,    0.01200444, ,    -0.9910772,    0.01047922, ,    -0.9883358,     0.0094947, , 
   -0.8669072,    0.01569951, ,    -0.9303258,    0.01350635, ,    -0.9715108,    0.01396575, ,     -0.951013,     0.0132448, ,    -0.9513272,    0.01301235, ,    -0.6854839,   0.008674153, ,    -0.5772953,   0.006903464, ,    -0.9723863,    0.01212674, ,    -0.9697679,    0.01032889, ,    -0.9664895,   0.009310273, , 
   -0.8468838,    0.01513324, ,     -0.909374,    0.01304329, ,    -0.9510033,    0.01338621, ,    -0.9302622,    0.01273325, ,    -0.9305995,    0.01252247, ,    -0.6601692,   0.008454076, ,    -0.5516413,    0.00674346, ,    -0.7514804,   0.008129393, ,     -0.921431,    0.01026277, ,     -0.918164,   0.008977291, , 
   -0.8265681,    0.01461055, ,    -0.8882097,     0.0126085, ,    -0.9301595,    0.01289077, ,     -0.909305,    0.01225775, ,    -0.9096968,    0.01206864, ,    -0.5819008,   0.007254572, ,    -0.5258597,   0.006595538, ,    -0.6758878,   0.007459466, ,    -0.8970864,   0.009849121, ,    -0.8936341,   0.008669568, , 
   -0.8059923,    0.01404342, ,     -0.866878,    0.01220049, ,    -0.9090962,    0.01242709, ,    -0.8881753,    0.01181335, ,    -0.8886756,    0.01164525, ,    -0.5561785,   0.007076577, ,    -0.4998614,   0.006462813, ,    -0.6496719,   0.007045469, ,    -0.8725726,   0.009367568, ,    -0.8689941,    0.00837446, , 
   -0.7850587,    0.01346449, ,    -0.8454187,    0.01181796, ,    -0.8878546,    0.01199234, ,    -0.8669122,    0.01139647, ,    -0.8670364,    0.01124321, ,    -0.5302423,   0.006877988, ,    -0.4729577,     0.0062542, ,     -0.624414,   0.006909919, ,     -0.847819,   0.008884724, ,    -0.8442395,   0.008101483, , 
   -0.7638177,    0.01294424, ,    -0.8238655,    0.01145818, ,    -0.8664709,    0.01158423, ,    -0.8455837,    0.01100462, ,    -0.8421301,    0.01083689, ,    -0.5035555,   0.006583512, ,    -0.4483984,   0.006127292, ,    -0.5991272,   0.006782968, ,    -0.8228601,   0.008455607, ,    -0.8193837,   0.007854391, , 
   -0.7423567,    0.01247774, ,     -0.802245,    0.01111817, ,    -0.8449751,    0.01120085, ,    -0.8242227,    0.01063561, ,    -0.8170353,    0.01045101, ,    -0.4775615,   0.006430763, ,    -0.4242698,   0.006040492, ,    -0.5736797,   0.006651766, ,    -0.7977719,   0.008096623, ,    -0.7944636,   0.007632513, , 
   -0.7207657,    0.01206147, ,    -0.7806031,    0.01080273, ,    -0.8234176,    0.01084088, ,    -0.7491677,   0.009564842, ,    -0.7918094,    0.01008326, ,    -0.4512749,   0.006293307, ,    -0.4015614,   0.005947668, ,    -0.5479732,    0.00651441, ,    -0.7726367,   0.007800358, ,    -0.7695665,   0.007449798, , 
   -0.6991253,    0.01169369, ,    -0.7589776,    0.01051071, ,    -0.8018479,    0.01050324, ,    -0.7233992,   0.009205882, ,    -0.7665192,   0.009731943, ,    -0.4250025,   0.006187349, ,      -0.37883,   0.005833926, ,    -0.5219277,   0.006387684, ,    -0.7476523,   0.007602274, ,    -0.7447939,   0.007324605, , 
   -0.6775863,    0.01139032, ,    -0.7373902,    0.01023861, ,    -0.7802754,    0.01018315, ,    -0.6976329,   0.008878187, ,    -0.7412058,   0.009395762, ,    -0.4005835,   0.006021212, ,    -0.3564426,   0.005803518, ,    -0.4962212,   0.006272125, ,    -0.7227793,   0.007470091, ,    -0.7199289,   0.007193802, , 
   -0.6561328,     0.0111265, ,    -0.7158638,   0.009985053, ,    -0.7586303,    0.00986036, ,     -0.671914,   0.008608196, ,    -0.7158719,   0.009073807, ,    -0.3765746,   0.005945444, ,    -0.3336177,   0.005781609, ,     -0.471939,   0.006124656, ,     -0.697745,   0.007314155, ,    -0.6947943,    0.00701457, , 
   -0.6344207,    0.01082499, ,    -0.6944141,   0.009748559, ,    -0.7358306,   0.009566748, ,    -0.6462344,   0.008385603, ,    -0.6904398,    0.00873661, ,    -0.3540936,   0.005892817, ,    -0.3105507,   0.005766809, ,    -0.4485617,   0.006020386, ,    -0.6723711,   0.007092033, ,    -0.6695647,   0.006841298, , 
   -0.6122859,    0.01045808, ,    -0.6730723,   0.009529196, ,     -0.709769,   0.009286023, ,    -0.6203672,   0.008113871, ,    -0.6650545,   0.008504953, ,    -0.3318006,   0.005853957, ,    -0.2874659,   0.005768909, ,     -0.426306,   0.005959912, ,     -0.544394,   0.006338918, ,    -0.6188192,   0.006537651, , 
   -0.5918609,    0.01040396, ,    -0.6518145,    0.00932173, ,    -0.6836384,   0.009021367, ,    -0.5944792,   0.007881368, ,    -0.6393735,   0.008202614, ,    -0.3093557,     0.0058285, ,     -0.264119,   0.005763987, ,    -0.4037677,   0.005894531, ,    -0.5196608,   0.006230338, ,    -0.5932533,   0.006424749, , 
   -0.5700134,    0.01011653, ,    -0.5984423,   0.008776129, ,    -0.6574891,   0.008775341, ,    -0.5685481,   0.007673936, ,    -0.6135483,   0.007912123, ,    -0.2866231,   0.005807465, ,      -0.24049,   0.005738277, ,    -0.3807291,   0.005804816, ,    -0.4959403,    0.00614148, ,    -0.5671988,   0.006310437, , 
   -0.5490254,   0.009970011, ,     -0.571703,   0.008531485, ,    -0.6313239,   0.008540058, ,    -0.5425091,   0.007479073, ,    -0.5875795,   0.007624276, ,    -0.2635104,   0.005779893, ,    -0.1927157,   0.005641572, ,    -0.3574937,   0.005751176, ,    -0.4732016,   0.006040664, ,    -0.5431543,   0.006207061, , 
   -0.5282421,   0.009857314, ,    -0.5451548,    0.00834147, ,    -0.6051682,   0.008322039, ,    -0.5155789,    0.00712462, ,    -0.5616125,   0.007389101, ,    -0.2402894,   0.005768342, ,    -0.1687891,   0.005593861, ,    -0.3342554,   0.005732561, ,    -0.4506339,   0.005965163, ,    -0.5197766,   0.006122012, , 
   -0.5077049,   0.009765079, ,    -0.5187849,   0.008222779, ,    -0.5790168,   0.008114042, ,    -0.4894481,   0.006955444, ,    -0.5356092,   0.007186342, ,    -0.2167166,   0.005741039, ,    -0.1449958,   0.005571087, ,    -0.3110312,   0.005733686, ,     -0.428151,   0.005924041, ,    -0.4974186,   0.006055993, , 
    -0.486319,   0.009629818, ,    -0.4924212,   0.008113013, ,    -0.5522813,   0.007767444, ,    -0.4631738,   0.006774091, ,    -0.5095284,   0.006999379, ,    -0.1929039,   0.005693836, ,     -0.121069,   0.005536003, ,    -0.2641771,   0.005742231, ,    -0.4050782,    0.00586867, ,    -0.4748044,   0.005984072, , 
   -0.4584099,   0.009384351, ,    -0.4657743,   0.007937766, ,    -0.5261647,   0.007575959, ,    -0.4370132,   0.006665225, ,    -0.4825559,   0.006656544, ,    -0.1691469,   0.005663369, ,   -0.09713553,   0.005501759, ,    -0.2403211,   0.005697452, ,    -0.3817198,   0.005817875, ,    -0.4520831,   0.005936264, , 
   -0.4306914,   0.009214574, ,    -0.4391074,   0.007784131, ,    -0.4999292,   0.007379545, ,    -0.4108089,   0.006563468, ,    -0.4564179,   0.006489102, ,    -0.1451768,   0.005608494, ,    -0.0731326,   0.005474113, ,    -0.2163202,   0.005635311, ,    -0.3579634,   0.005722029, ,    -0.4290647,   0.005903704, , 
   -0.4030808,    0.00908675, ,    -0.4123038,   0.007638896, ,     -0.473764,   0.007260398, ,    -0.3845347,   0.006465982, ,    -0.4302233,   0.006347326, ,    -0.1213479,   0.005577669, ,   -0.04873835,   0.005405029, ,    -0.1925158,   0.005606978, ,    -0.3345674,   0.005711198, ,     -0.405557,   0.005843017, , 
   -0.3751988,   0.008875288, ,    -0.3854194,   0.007515765, ,    -0.4474792,   0.007150956, ,    -0.3579582,   0.006365852, ,    -0.4038152,   0.006243077, ,   -0.09739136,   0.005535472, ,   -0.02418408,   0.005316554, ,    -0.1685198,   0.005557099, ,    -0.3111832,   0.005720608, ,    -0.3820893,   0.005801556, , 
   -0.3474822,    0.00872704, ,     -0.358386,   0.007387534, ,     -0.421059,    0.00704324, ,    -0.3314259,   0.006250171, ,    -0.3779087,   0.006151174, ,   -0.07313664,   0.005462964, ,  -0.000243689,   0.005342455, ,    -0.1447165,   0.005538517, ,    -0.2876174,   0.005716879, ,    -0.3584754,   0.005761175, , 
    -0.319519,   0.008545506, ,    -0.3311449,   0.007235745, ,    -0.3944648,   0.006917309, ,    -0.3067926,   0.006137799, ,    -0.3534698,   0.006070903, ,    -0.0484818,   0.005355685, ,    0.02309924,   0.005556283, ,    -0.1208263,    0.00551385, ,    -0.2639097,   0.005695808, ,    -0.3346597,   0.005703787, , 
   -0.2913241,   0.008371926, ,    -0.3038943,   0.007116571, ,    -0.3677924,   0.006781006, ,    -0.2817147,   0.006050483, ,     -0.329354,   0.005999762, ,   -0.02414344,   0.005290812, ,     0.0463416,   0.005840798, ,   -0.09697044,   0.005497307, ,    -0.2401084,   0.005664647, ,    -0.3110698,   0.005698225, , 
   -0.2627906,   0.008174355, ,    -0.2764693,     0.0069804, ,    -0.3410808,   0.006655297, ,    -0.2585618,   0.005980039, ,    -0.3066667,   0.005932341, ,    0.02405458,   0.005300619, ,     0.0703905,   0.005919235, ,   -0.04876982,   0.005432474, ,    -0.2160842,   0.005604669, ,    -0.2874156,   0.005688583, , 
    -0.203915,   0.007428641, ,    -0.2488917,   0.006849551, ,    -0.3142404,   0.006548636, ,    -0.2359402,   0.005900355, ,    -0.2842022,   0.005866238, ,    0.04747236,    0.00552666, ,    0.09468173,   0.005955086, ,   -0.02447653,   0.005392764, ,    -0.1922159,    0.00557058, ,    -0.2636471,   0.005662011, , 
    -0.173971,   0.006983486, ,    -0.2209031,   0.006696637, ,    -0.2869588,   0.006424628, ,    -0.2140106,   0.005871166, ,    -0.2617702,   0.005826767, ,    0.07128018,   0.005698973, ,     0.1189953,   0.005971412, ,    0.02224027,   0.005825302, ,    -0.1683844,   0.005550858, ,    -0.2398396,    0.00563195, , 
   -0.1437307,   0.006514737, ,    -0.1944216,   0.006543989, ,    -0.2615859,   0.006306603, ,    -0.1915745,   0.005838879, ,    -0.2392898,   0.005818511, ,    0.09524688,   0.005813207, ,     0.1434607,   0.005965356, ,    0.04598211,   0.005977565, ,    -0.1444344,   0.005517107, ,    -0.2158727,   0.005583484, , 
   -0.1125431,     0.0059184, ,    -0.1677186,   0.006376505, ,     -0.235784,   0.006209421, ,    -0.1686146,   0.005822165, ,    -0.2161198,   0.005777963, ,     0.1196642,   0.005844118, ,     0.1677229,   0.006000035, ,      0.070128,   0.006017886, ,    -0.1206138,   0.005501003, ,    -0.1919996,   0.005557193, , 
  -0.08114192,   0.005299849, ,    -0.1391888,   0.006064761, ,    -0.2106247,   0.006092259, ,    -0.1450502,   0.005767674, ,    -0.1929017,   0.005772267, ,     0.1442303,   0.005835547, ,     0.1924783,   0.005976453, ,    0.09426519,   0.006048845, ,   -0.09676101,   0.005499401, ,    -0.1681862,   0.005539804, , 
  -0.05188092,   0.005168422, ,    -0.1128872,   0.005784993, ,    -0.1870076,   0.006007569, ,     -0.121245,   0.005704327, ,    -0.1691325,   0.005721428, ,     0.1689478,    0.00582948, ,      0.218008,   0.005855926, ,     0.1186439,   0.006041294, ,   -0.07303899,   0.005522114, ,    -0.1441973,   0.005503985, , 
  -0.02068932,   0.005073424, ,   -0.08761474,   0.005528842, ,    -0.1647077,   0.005935229, ,   -0.09699439,   0.005595367, ,    -0.1454221,   0.005687969, ,     0.1942082,   0.005757926, ,     0.2444201,   0.005636534, ,     0.1429941,   0.006054886, ,   -0.04879088,   0.005470906, ,    -0.1204057,   0.005500754, , 
   0.01063631,    0.00499393, ,   -0.06366022,    0.00528473, ,    -0.1426013,   0.005877369, ,   -0.07207155,   0.005411067, ,    -0.1215022,   0.005633793, ,      0.244109,   0.005649573, ,     0.2681734,   0.005685199, ,     0.1671825,   0.006085726, ,   -0.02469792,   0.005481133, ,   -0.09668364,   0.005527942, , 
   0.03770653,   0.004947993, ,   -0.03953252,   0.005053564, ,    -0.1193656,   0.005763705, ,   -0.04759144,   0.005297618, ,   -0.09747568,   0.005573155, ,     0.2675487,   0.005745037, ,     0.2916187,   0.005765231, ,     0.1915521,    0.00608905, ,  -0.001360292,   0.005709914, ,   -0.07289678,   0.005541958, , 
   0.06373879,   0.004937965, ,   -0.01439675,   0.004763895, ,   -0.09476345,   0.005549644, ,   -0.02296883,   0.005178262, ,     -0.072789,   0.005435066, ,     0.3141462,     0.0059461, ,     0.3149318,   0.005850195, ,     0.2165618,    0.00601239, ,    0.02190453,   0.005987034, ,   -0.04889392,    0.00552638, , 
   0.08794846,   0.004963887, ,    0.01155946,   0.004412007, ,   -0.07041956,   0.005406223, ,   0.001684434,   0.005065241, ,   -0.04818709,   0.005320033, ,     0.3372598,   0.006081903, ,     0.3380283,   0.006010391, ,     0.2426781,   0.005818986, ,     0.0459217,   0.006045042, ,   -0.02497051,   0.005601563, , 
    0.1110786,   0.005011147, ,    0.03714255,   0.004126566, ,   -0.04578436,   0.005240852, ,    0.02650688,   0.004941459, ,   -0.02376728,   0.005240946, ,       0.36041,   0.006214057, ,     0.3613144,   0.006100893, ,     0.2685337,   0.005648965, ,    0.06989218,   0.006085626, ,     0.0218839,   0.006056817, , 
     0.133379,   0.005077053, ,    0.06028929,   0.004124915, ,   -0.02086096,   0.005062555, ,    0.05100867,   0.004880403, ,  0.0007082221,   0.005156073, ,     0.3836551,   0.006307732, ,      0.384559,   0.006185384, ,     0.2922463,   0.005677603, ,    0.09423931,   0.006078289, ,    0.07004549,    0.00609509, , 
    0.1550098,   0.005132447, ,    0.08356285,    0.00414257, ,   0.003961557,   0.004904791, ,     0.0751697,     0.0049142, ,    0.02514984,   0.005101662, ,     0.4069014,    0.00638779, ,     0.4078144,    0.00626099, ,     0.3155713,   0.005781304, ,     0.1183755,   0.006094583, ,    0.09405919,   0.006123581, , 
    0.1766481,   0.005202359, ,     0.1290422,   0.004300884, ,    0.02891941,   0.004745423, ,    0.09984531,   0.004939375, ,    0.04911248,   0.005176207, ,     0.4301018,   0.006473761, ,        0.4311,     0.0063321, ,     0.3386946,   0.005931824, ,     0.1427416,   0.006107513, ,     0.1425211,   0.006154925, , 
    0.1987021,    0.00529407, ,     0.1515992,   0.004436291, ,    0.05448001,   0.004528012, ,     0.1247895,   0.004943602, ,    0.07275844,   0.005346911, ,     0.4533203,   0.006546282, ,     0.4543713,   0.006399204, ,     0.3619817,   0.006013824, ,     0.1669223,    0.00613007, ,     0.1667182,   0.006159431, , 
    0.2204069,   0.005384373, ,     0.1743023,   0.004586224, ,    0.07988427,   0.004336488, ,     0.1494332,   0.005007083, ,    0.09663337,   0.005500197, ,     0.4765456,   0.006623118, ,     0.4775473,   0.006488456, ,     0.3853771,   0.006069684, ,      0.191074,   0.006143183, ,     0.1909127,   0.006160265, , 
    0.2423291,   0.005503703, ,     0.1970823,   0.004745216, ,     0.1048112,   0.004234124, ,     0.1730085,   0.005186001, ,     0.1212949,   0.005551275, ,     0.4996994,   0.006713883, ,     0.5007275,   0.006566143, ,     0.4086597,   0.006147137, ,     0.2156805,   0.006105324, ,     0.2152488,   0.006141287, , 
    0.2644919,   0.005664375, ,     0.2194838,   0.004995949, ,     0.1278636,   0.004388692, ,     0.1962837,   0.005366511, ,     0.1460678,   0.005557391, ,     0.5228499,   0.006792556, ,     0.5470448,   0.006730094, ,     0.4319451,   0.006208264, ,      0.240943,   0.006004856, ,     0.2398997,   0.006096005, , 
    0.2864983,   0.005821331, ,     0.2416072,   0.005335502, ,     0.1509122,   0.004558713, ,     0.2195759,   0.005518861, ,     0.1710855,   0.005529394, ,     0.5458933,   0.006888705, ,     0.5702274,   0.006796343, ,     0.4551144,    0.00629922, ,      0.268299,   0.005663216, ,     0.2664589,   0.005837949, , 
    0.3083357,   0.006040606, ,     0.2636197,   0.005733172, ,     0.1738042,   0.004792491, ,     0.2427203,   0.005683108, ,     0.1964997,   0.005443458, ,     0.5690812,   0.006963355, ,     0.5933393,   0.006866317, ,     0.4783612,   0.006366845, ,     0.2926715,   0.005625104, ,     0.2929587,   0.005590005, , 
    0.3298641,   0.006394537, ,     0.2858401,   0.006092158, ,     0.1963093,   0.005122261, ,     0.2887392,   0.006039937, ,     0.2201181,   0.005551504, ,     0.5922197,   0.007033226, ,     0.6165172,   0.006930372, ,     0.5015516,   0.006452394, ,     0.3160002,   0.005750963, ,     0.3163939,   0.005705116, , 
    0.3503039,     0.0069545, ,     0.3083474,   0.006381236, ,     0.2188527,   0.005441154, ,      0.311902,   0.006177949, ,      0.289896,   0.005943886, ,      0.638417,    0.00717578, ,     0.6396272,   0.007001711, ,      0.524736,   0.006530994, ,     0.3392562,   0.005853079, ,     0.3397966,   0.005782716, , 
    0.3711647,   0.007490088, ,     0.3308997,   0.006643773, ,     0.2416885,   0.005669795, ,     0.3349974,   0.006318288, ,     0.3131362,    0.00605878, ,     0.6614311,   0.007256936, ,     0.6624883,   0.007122349, ,     0.5479345,   0.006597782, ,     0.3626267,   0.005919137, ,     0.3631338,   0.005844727, , 
    0.3927436,   0.007908204, ,     0.3533758,   0.006923697, ,     0.2645432,   0.005882023, ,     0.3579795,    0.00648065, ,     0.3363409,   0.006172345, ,     0.6841326,   0.007405902, ,     0.6853606,    0.00724975, ,     0.5711124,   0.006661667, ,      0.385964,   0.005989729, ,     0.3864742,   0.005914042, , 
    0.4145075,    0.00830317, ,     0.3986019,   0.007403122, ,     0.2874254,   0.006094502, ,     0.3808724,   0.006659598, ,      0.359275,   0.006355713, ,     0.7069707,   0.007515932, ,     0.7083181,   0.007339126, ,     0.5943319,    0.00672184, ,     0.4326153,   0.006116894, ,     0.4098862,   0.005961732, , 
    0.4364996,   0.008659575, ,     0.4211673,   0.007638689, ,     0.3102753,   0.006308431, ,     0.4040255,   0.006765027, ,      0.382459,   0.006461181, ,     0.7298368,   0.007627611, ,     0.7311106,   0.007459988, ,       0.61748,   0.006789119, ,     0.4558647,   0.006192712, ,     0.4331331,   0.006045127, , 
     0.458759,   0.008963717, ,     0.4439222,   0.007825805, ,     0.3331751,   0.006497972, ,     0.4271843,   0.006867059, ,     0.4056646,   0.006556889, ,     0.7525831,    0.00775827, ,     0.7538421,   0.007588351, ,     0.6404954,   0.006876301, ,     0.4791093,   0.006259373, ,     0.4796868,   0.006177067, , 
     0.480976,   0.009264377, ,     0.4668447,   0.007971543, ,     0.3561109,   0.006667619, ,     0.4503546,   0.006954959, ,     0.4288884,   0.006636824, ,     0.7978305,   0.008174155, ,     0.7994068,    0.00789296, ,     0.6633598,   0.007019732, ,     0.5022395,   0.006354685, ,     0.5028955,    0.00625933, , 
    0.5032657,   0.009479878, ,     0.4897325,   0.008096782, ,     0.3789066,   0.006867998, ,     0.4734368,   0.007053546, ,     0.4520353,   0.006730025, ,     0.8203598,   0.008355256, ,     0.8221201,   0.008031684, ,     0.6863267,   0.007118973, ,     0.5254311,   0.006425295, ,     0.5261336,   0.006320617, , 
    0.5258137,     0.0096426, ,     0.5126706,   0.008207074, ,     0.4017912,   0.007049469, ,     0.4965952,   0.007136385, ,      0.475206,    0.00680591, ,     0.8428981,   0.008506401, ,     0.8447757,   0.008166759, ,     0.7092671,   0.007210042, ,     0.5486752,   0.006483917, ,     0.5493399,   0.006382378, , 
    0.5484408,   0.009794751, ,     0.5355854,   0.008321235, ,      0.424841,   0.007168829, ,     0.5196456,   0.007235637, ,     0.4983213,   0.006905144, ,     0.8878359,   0.008835005, ,     0.8674006,    0.00829151, ,     0.7321633,   0.007320698, ,     0.5719037,   0.006543171, ,     0.5725109,   0.006447506, , 
    0.5710403,   0.009962848, ,     0.5585005,   0.008433128, ,     0.4478011,    0.00729826, ,     0.5426322,   0.007336705, ,     0.5215027,   0.006981934, ,      0.908261,   0.009582758, ,     0.8899599,   0.008422802, ,     0.7550166,   0.007429675, ,      0.595089,   0.006606948, ,     0.5957239,   0.006509546, , 
    0.5938312,    0.01008737, ,     0.5814318,   0.008534501, ,     0.4708853,   0.007402255, ,     0.5657334,   0.007415826, ,     0.5445962,   0.007064317, ,     0.9303083,   0.009824265, ,      1.247049,    0.01507621, ,     0.7778492,   0.007571826, ,      0.641127,   0.006818099, ,     0.6187643,   0.006615513, , 
    0.6164037,    0.01027244, ,     0.6042289,   0.008666511, ,     0.4939173,   0.007506111, ,     0.5887465,   0.007512241, ,     0.5676616,   0.007158285, ,     0.9522274,    0.01008257, ,      1.269361,    0.01501002, ,     0.8006352,   0.007684503, ,     0.6641334,   0.006911942, ,     0.6417404,   0.006729079, , 
    0.6391959,    0.01040355, ,      0.627073,   0.008786182, ,     0.5169197,   0.007610871, ,     0.6116831,   0.007618768, ,     0.5907118,   0.007248169, ,     0.9740514,    0.01034907, ,      1.291126,     0.0150578, ,     0.8233621,   0.007806456, ,     0.6870781,   0.007014531, ,     0.6647883,   0.006820685, , 
    0.6617131,    0.01052608, ,     0.6499354,   0.008876637, ,     0.5629168,   0.007812763, ,     0.6346357,   0.007714024, ,     0.6137241,   0.007331726, ,     0.9957806,    0.01062347, ,      1.312651,     0.0151467, ,     0.8461209,   0.007925711, ,     0.7101229,    0.00709587, ,     0.6877989,   0.006916586, , 
    0.6840584,    0.01069691, ,     0.6726856,   0.008990631, ,     0.5859397,   0.007900044, ,     0.6575889,   0.007799871, ,     0.6367287,   0.007412454, ,      1.017415,    0.01090638, ,      1.334038,    0.01525302, ,     0.8688329,   0.008037928, ,      0.733022,   0.007201203, ,      0.710775,   0.007003085, , 
    0.7061852,    0.01093122, ,     0.6953644,   0.009120014, ,     0.6088901,   0.007996613, ,     0.7034916,   0.007970554, ,      0.659799,   0.007486978, ,      1.039026,    0.01119283, ,      1.355333,    0.01536642, ,     0.8914924,   0.008151518, ,     0.7559078,   0.007301889, ,     0.7337564,   0.007095556, , 
    0.7287825,    0.01104046, ,     0.7179742,   0.009265415, ,     0.6317412,   0.008111851, ,     0.7263576,   0.008068452, ,     0.6827818,   0.007571541, ,       1.06052,    0.01149116, ,      1.376633,    0.01547658, ,     0.9136004,   0.008461002, ,     0.7788484,   0.007415189, ,     0.7567256,   0.007185954, , 
    0.7513226,    0.01116778, ,     0.7406197,   0.009393532, ,     0.6545697,   0.008229625, ,     0.7488182,   0.008253015, ,     0.7057007,   0.007663614, ,      1.081883,    0.01180366, ,      1.396945,    0.01575985, ,     0.9357328,   0.008710274, ,     0.8017083,   0.007514849, ,     0.8025414,   0.007382268, , 
    0.7737691,    0.01132024, ,      0.763336,   0.009491839, ,     0.6774207,   0.008335733, ,     0.7714326,   0.008394732, ,     0.7282368,   0.007840723, ,      1.103103,    0.01213245, ,       1.41774,    0.01593519, ,     0.9580505,   0.008877867, ,     0.8245016,   0.007622621, ,     0.8254084,   0.007478633, , 
    0.7958826,     0.0115271, ,     0.7859386,   0.009612996, ,     0.7231687,   0.008517495, ,     0.8161589,     0.0089024, ,     0.7509326,    0.00797112, ,      1.124166,    0.01248032, ,      1.438805,    0.01604788, ,     0.9804242,   0.009014091, ,     0.8472335,   0.007736412, ,     0.8482038,   0.007581172, , 
     0.817965,    0.01170149, ,     0.8080841,   0.009820421, ,     0.7459639,   0.008617732, ,     0.8385676,   0.009090445, ,     0.7735018,   0.008126299, ,      1.145051,    0.01285065, ,      1.459894,    0.01614547, ,      1.002423,   0.009260201, ,     0.8699235,   0.007846897, ,     0.8709466,   0.007684027, , 
     0.840178,    0.01184203, ,     0.8302464,    0.01002979, ,     0.7684077,   0.008787725, ,     0.8609498,   0.009288339, ,      0.795867,   0.008472414, ,      1.165737,    0.01324745, ,      1.481024,    0.01623231, ,      1.023487,   0.009732624, ,     0.8926505,   0.007951151, ,     0.8936385,   0.007789145, , 
    0.8611766,    0.01230916, ,     0.8522774,    0.01029028, ,     0.7908261,   0.008961461, ,     0.8831317,   0.009522299, ,     0.8184136,   0.008652862, ,      1.186269,    0.01367027, ,      1.502116,    0.01631633, ,      1.213687,    0.01280748, ,     0.9151289,    0.00814836, ,     0.9612545,   0.008245949, , 
    0.8830341,    0.01254625, ,     0.8744719,    0.01050128, ,     0.8129067,   0.009280086, ,     0.9054133,   0.009714888, ,     0.8407719,   0.008868889, ,       1.20579,     0.0142954, ,      1.523141,    0.01640111, ,      1.235569,    0.01290363, ,      0.937535,     0.0083353, ,     0.9836982,   0.008393651, , 
     0.904722,    0.01282744, ,     0.8965837,    0.01071794, ,      0.835329,    0.00946592, ,     0.9274683,   0.009950155, ,     0.8629097,    0.00912782, ,      1.225481,    0.01485919, ,      1.544089,    0.01648833, ,      1.257138,    0.01305568, ,     0.9598472,   0.008528517, ,      1.006194,   0.008505537, , 
    0.9261212,    0.01316219, ,     0.9186056,    0.01094393, ,     0.8576627,    0.00965872, ,     0.9493189,    0.01022017, ,     0.8849819,    0.00938638, ,      1.244737,    0.01549173, ,      1.564999,    0.01657618, ,      1.278581,    0.01322098, ,      0.982296,   0.008657123, ,      1.028636,   0.008620993, , 
    0.9471436,    0.01352866, ,     0.9405183,    0.01118499, ,     0.8799815,   0.009850992, ,     0.9708939,    0.01054029, ,     0.9071796,   0.009596369, ,      1.263313,    0.01624284, ,      1.586358,    0.01658778, ,      1.300014,    0.01338299, ,      1.004732,   0.008774791, ,      1.050849,    0.00879393, , 
    0.9679423,     0.0139442, ,     0.9623488,    0.01142614, ,      0.902183,    0.01005896, ,     0.9924539,     0.0108477, ,     0.9291731,   0.009844377, ,      1.280688,    0.01721788, ,      1.607087,    0.01668604, ,      1.321417,    0.01353995, ,        1.0269,   0.008960782, ,      1.072914,   0.008993492, , 
    0.9884951,    0.01440802, ,     0.9840411,    0.01168732, ,     0.9242629,    0.01028235, ,      1.013999,    0.01115261, ,     0.9508597,    0.01015983, ,      1.295059,    0.01879551, ,      1.648379,    0.01688194, ,      1.342779,    0.01369166, ,      1.048807,   0.009216844, ,      1.094907,    0.00920816, , 
     1.008784,    0.01492522, ,      1.005591,    0.01196809, ,     0.9462253,    0.01052009, ,      1.035413,    0.01147344, ,     0.9726429,    0.01044239, ,      1.322875,    0.01732513, ,      1.669489,    0.01690095, ,      1.364105,    0.01383775, ,      1.070464,   0.009518487, ,      1.116754,   0.009443247, , 
     1.028888,    0.01548125, ,      1.026976,    0.01227169, ,     0.9680603,    0.01077392, ,      1.056666,    0.01181281, ,     0.9943097,    0.01073549, ,      1.344337,    0.01735295, ,       1.69068,    0.01690077, ,      1.385397,    0.01397836, ,      1.091824,   0.009870954, ,      1.138453,   0.009696731, , 
     1.049023,    0.01597196, ,      1.048195,    0.01259765, ,     0.9896748,    0.01106517, ,      1.077756,    0.01217173, ,      1.015854,    0.01104111, ,      1.365592,    0.01741344, ,      1.711777,    0.01691085, ,      1.405635,    0.01430082, ,      1.112907,    0.01026525, ,      1.160022,   0.009962673, , 
     1.069025,    0.01647062, ,      1.090228,    0.01329119, ,      1.032577,    0.01168624, ,       1.09867,    0.01255203, ,      1.037272,     0.0113601, ,      1.386711,    0.01749061, ,      1.733703,    0.01680136, ,      1.426694,    0.01446265, ,      1.133827,    0.01067294, ,      1.181496,    0.01023221, , 
     1.088566,     0.0170756, ,      1.110979,    0.01366916, ,      1.053872,    0.01201041, ,      1.119398,    0.01295592, ,      1.058555,    0.01169399, ,      1.427376,    0.01791277, ,      1.753561,    0.01695967, ,      1.447899,    0.01458731, ,      1.154765,    0.01105419, ,       1.20396,    0.01025711, , 
     1.107656,    0.01778725, ,      1.131528,    0.01407305, ,      1.074992,    0.01235562, ,      1.160348,    0.01383556, ,      1.079694,    0.01204437, ,      1.448317,    0.01799237, ,      1.772901,    0.01717606, ,      1.469105,     0.0147005, ,      1.175842,    0.01138428, ,      1.225671,    0.01044506, , 
     1.126507,     0.0185573, ,      1.151864,    0.01450431, ,      1.095933,    0.01272288, ,      1.180483,     0.0143228, ,      1.142313,    0.01320282, ,      1.469229,    0.01806656, ,      1.791978,    0.01740929, ,      1.490272,    0.01480944, ,      1.199261,    0.01118587, ,      1.247273,    0.01064954, , 
     1.144981,    0.01937502, ,      1.171982,    0.01496336, ,      1.116684,    0.01311359, ,      1.199779,    0.01496957, ,      1.162797,    0.01364074, ,      1.490094,    0.01813896, ,      1.829542,    0.01790277, ,      1.511381,    0.01491768, ,      1.221099,    0.01133492, ,       1.26883,    0.01085385, , 
     1.163064,    0.02024984, ,      1.191857,    0.01545169, ,       1.15767,    0.01396187, ,      1.219078,    0.01559216, ,      1.183031,    0.01411356, ,      1.510976,    0.01820598, ,      1.847997,    0.01816375, ,      1.532472,    0.01502385, ,      1.242626,    0.01153838, ,      1.290336,    0.01105501, , 
      1.18105,     0.0211216, ,       1.21151,    0.01596374, ,      1.177847,    0.01442688, ,      1.237965,    0.01627717, ,      1.202242,     0.0147904, ,      1.531792,    0.01827399, ,      1.866176,    0.01843875, ,       1.55349,    0.01513246, ,      1.264066,    0.01174615, ,      1.311798,    0.01125119, , 
     1.198475,    0.02210636, ,      1.230896,     0.0165086, ,      1.197485,    0.01498367, ,      1.256309,    0.01705374, ,      1.221563,    0.01541842, ,      1.552526,    0.01834512, ,      1.884168,    0.01871962, ,      1.574748,    0.01519263, ,      1.285464,    0.01194861, ,      1.333221,    0.01144162, , 
     1.215434,    0.02315976, ,      1.249995,    0.01708864, ,       1.21701,    0.01554214, ,       1.27385,    0.01797161, ,      1.240507,    0.01611434, ,      1.594409,    0.01840599, ,       1.90184,    0.01901723, ,      1.595645,    0.01529961, ,      1.306836,    0.01214278, ,      1.354608,    0.01162627, , 
     1.231664,    0.02425881, ,      1.268781,    0.01770651, ,      1.236216,    0.01614296, ,      1.289969,    0.01914219, ,      1.258731,     0.0169343, ,      1.614914,    0.01848978, ,      1.919051,    0.01934392, ,      1.616369,    0.01542635, ,      1.328185,    0.01232817, ,      1.375956,    0.01180572, , 
     1.247297,    0.02542656, ,      1.287259,    0.01835538, ,      1.255085,    0.01679337, ,        1.3029,    0.02090596, ,      1.275752,    0.01797475, ,      1.655712,    0.01866283, ,      1.935764,    0.01970262, ,      1.637148,    0.01553511, ,      1.349561,     0.0125015, ,       1.39732,    0.01197649, , 
     1.262278,    0.02665397, ,       1.30533,    0.01905164, ,      1.273492,    0.01751168, ,      1.303882,    0.02483404, ,      1.290125,    0.01952679, ,      1.676644,    0.01866444, ,      1.951858,    0.02010144, ,      1.658216,    0.01559028, ,       1.37093,    0.01266586, ,      1.417979,    0.01226798, , 
     1.276563,    0.02793482, ,      1.322941,    0.01980183, ,      1.291263,      0.018325, ,      1.328935,    0.02396681, ,       1.30686,    0.02039082, ,      1.697785,    0.01863178, ,      1.967153,    0.02055295, ,      1.679337,       0.01563, ,      1.392265,    0.01282402, ,      1.439175,    0.01244357, , 
     1.289958,    0.02924159, ,      1.340001,    0.02061721, ,      1.308153,     0.0192756, ,      1.351224,    0.02365249, ,       1.35099,    0.02002757, ,      1.720766,    0.01835966, ,       1.98157,    0.02106023, ,      1.700338,    0.01568178, ,      1.412665,    0.01314204, ,      1.460377,    0.01260545, , 
     1.302551,    0.03057785, ,      1.356402,    0.02150729, ,      1.323652,    0.02045149, ,      1.372492,    0.02352938, ,      1.372194,     0.0200186, ,      1.741643,    0.01835739, ,      1.995002,    0.02162606, ,      1.721012,    0.01576879, ,      1.433794,    0.01331081, ,      1.481539,    0.01276254, , 
     1.314406,    0.03192948, ,      1.371867,    0.02251208, ,      1.336442,    0.02208921, ,      1.392011,    0.02371428, ,      1.391998,    0.02026535, ,       1.78067,    0.01867033, ,      2.006751,    0.02230354, ,      1.761245,    0.01606641, ,      1.454982,    0.01345675, ,      1.523744,    0.01306943, , 
     1.325582,    0.03327679, ,      1.386269,    0.02364108, ,      1.338236,    0.02906785, ,      1.432687,    0.02376022, ,      1.412561,     0.0203522, ,      1.799477,     0.0188928, ,      2.010982,    0.02357338, ,      1.780592,    0.01629941, ,      1.476206,    0.01359073, ,      1.544771,    0.01322078, , 
     1.335913,    0.03457336, ,      1.398086,    0.02513035, ,       1.36004,    0.02872344, ,      1.452844,    0.02379928, ,      1.433245,    0.02041165, ,      1.818023,    0.01912951, ,      2.021968,     0.0241502, ,      1.799757,    0.01654056, ,      1.497392,    0.01372115, ,      1.566023,    0.01332281, , 
     1.345529,    0.03585219, ,      1.402916,    0.02762258, ,      1.379709,     0.0287293, ,      1.472857,    0.02384999, ,      1.453899,    0.02046799, ,      1.836338,    0.01937923, ,       2.03055,    0.02474325, ,      1.818779,    0.01678662, ,      1.518504,    0.01385266, ,      1.586734,    0.01350269, , 
     1.354838,    0.03704312, ,      1.351364,    0.03756188, ,      1.399734,    0.02866871, ,      1.492792,     0.0239055, ,      1.474475,    0.02052675, ,      1.854358,    0.01964441, ,      2.037802,    0.02536144, ,      1.837579,    0.01704259, ,      1.539529,     0.0139873, ,      1.628497,    0.01377856, , 
     1.363565,    0.03816432, ,      1.369208,    0.03753541, ,      1.419358,    0.02866047, ,       1.51264,    0.02396485, ,      1.494972,     0.0205882, ,      1.872129,    0.01991803, ,      2.041522,    0.02601859, ,      1.856159,    0.01730919, ,      1.560548,    0.01411171, ,      1.649489,    0.01388372, , 
     1.371392,    0.03924977, ,      1.386117,    0.03760608, ,      1.495299,     0.0288793, ,      1.532362,     0.0240305, ,      1.515464,    0.02064683, ,      1.889638,    0.02020198, ,      2.044445,    0.02675141, ,      1.874516,    0.01758643, ,      1.581665,    0.01421547, ,      1.670378,    0.01399358, , 
     1.378095,    0.04034318, ,      1.402247,     0.0377394, ,      1.513807,    0.02896508, ,      1.552416,    0.02403887, ,       1.53588,    0.02070765, ,      1.906836,    0.02049894, ,      2.047675,     0.0275629, ,      1.892485,    0.01788919, ,      1.602499,    0.01435327, ,      1.691067,    0.01412447, , 
     1.382479,     0.0414662, ,      1.417596,    0.03793232, ,      1.532356,    0.02902923, ,      1.572061,    0.02409882, ,       1.55659,    0.02071376, ,        1.9236,     0.0208188, ,      2.050789,    0.02845295, ,      1.910022,    0.01822067, ,      1.623262,    0.01449014, ,      1.711501,    0.01428427, , 
      1.38073,    0.04265731, ,      1.432184,    0.03817438, ,      1.550492,    0.02913067, ,      1.591502,    0.02417482, ,      1.577035,    0.02075531, ,      1.939866,     0.0211667, ,      2.053441,    0.02943048, ,      1.927127,    0.01858212, ,      1.644231,    0.01458414, ,      1.731662,    0.01447017, , 
     1.376271,    0.04412698, ,       1.44552,     0.0384561, ,      1.568412,    0.02924324, ,      1.610797,    0.02425927, ,      1.597266,    0.02082129, ,      1.955482,    0.02155352, ,       2.05566,    0.03050385, ,      1.943623,    0.01898533, ,      1.665303,    0.01465786, ,      1.771169,    0.01492083, , 
     1.369556,    0.04601367, ,      1.456914,    0.03879021, ,      1.586092,     0.0293664, ,      1.630002,    0.02434634, ,      1.617342,    0.02089864, ,      1.970261,    0.02199095, ,      2.057201,    0.03168882, ,      1.959449,     0.0194329, ,      1.686228,    0.01474301, ,      1.790701,    0.01515485, , 
     1.358984,     0.0485129, ,      1.464759,    0.03921083, ,      1.603493,    0.02950302, ,      1.649028,    0.02444307, ,      1.637305,    0.02098299, ,      1.983981,    0.02249388, ,      2.058103,    0.03299246, ,      1.974617,    0.01992051, ,      1.706884,    0.01485627, ,      1.829229,    0.01564936, , 
     1.343878,    0.05186947, ,      1.471064,    0.03973649, ,      1.620634,    0.02964979, ,      1.667884,    0.02454819, ,      1.657179,    0.02107144, ,      1.996317,     0.0230808, ,      2.058189,     0.0344354, ,      1.989102,    0.02044408, ,      1.727452,    0.01497304, ,      1.848095,    0.01592315, , 
     1.324388,    0.05628919, ,      1.478088,    0.04032438, ,       1.63748,    0.02980774, ,       1.68809,    0.02448696, ,      1.677424,    0.02110134, ,      2.006363,    0.02381399, ,      2.057605,    0.03602381, ,      2.002544,    0.02103286, ,      1.747237,    0.01519069, ,       1.86664,    0.01621937, , 
     1.301092,    0.06217746, ,      1.491369,    0.04176464, ,      1.653954,    0.02998317, ,      1.709532,    0.02428069, ,      1.698116,    0.02106922, ,      2.002194,    0.02727178, ,      2.055827,    0.03779879, ,      2.011869,    0.02196374, ,      1.766821,    0.01542032, ,      1.884832,    0.01654226, , 
     1.269539,    0.07134518, ,      1.497216,    0.04265197, ,      1.671073,    0.03007342, ,      1.729922,    0.02419523, ,      1.721584,    0.02069336, ,      2.004766,    0.02812347, ,      2.053173,    0.03977427, ,      2.025185,    0.02246765, ,      1.786266,    0.01565517, ,      1.902547,    0.01690057, , 
    0.9604921,     0.2134697, ,      1.502428,    0.04367176, ,      1.688596,    0.03010923, ,      1.749789,    0.02416587, ,      1.742435,    0.02064168, ,       2.00708,    0.02906993, , , , ,      2.037768,    0.02299205, ,      1.805564,     0.0158954, ,      1.919808,     0.0172907, , 
    0.9668574,     0.2159398, ,      1.506742,    0.04484967, ,      1.705578,    0.03016098, ,      1.768999,    0.02420059, ,      1.762452,    0.02068459, ,      2.008952,    0.03010953, , , , ,      2.049467,    0.02353502, ,      1.824658,    0.01614476, ,      1.936677,    0.01770384, , 
    0.9733241,     0.2183579, ,      1.510137,    0.04622212, ,      1.721589,     0.0302368, ,      1.787424,    0.02430766, ,      1.781721,    0.02080856, ,      2.010356,    0.03125544, , , , ,      2.058891,     0.0240932, ,      1.843566,    0.01640331, ,       1.95316,    0.01813426, , 
    0.9798961,     0.2207232, ,      1.512173,    0.04783753, ,      1.736659,    0.03034874, ,      1.805016,    0.02448675, ,      1.800179,    0.02101086, ,      2.011032,    0.03252565, , , , ,      2.066695,    0.02467351, ,      1.862189,    0.01668021, ,      1.969293,    0.01857657, , 
    0.9864819,     0.2230188, ,      1.512626,     0.0497703, ,      1.762372,    0.03073079, ,       1.82171,    0.02473547, ,      1.818275,    0.02123689, ,      2.010949,    0.03393167, , , , ,       2.07267,     0.0252805, ,      1.880451,    0.01698157, ,      1.985003,    0.01903971, , 
    0.9932053,     0.2252699, ,      1.510754,     0.0521483, ,       1.77163,    0.03110589, ,      1.838089,    0.02499252, ,      1.836079,     0.0214792, ,      2.009987,    0.03549865, , , , ,      2.075372,    0.02595152, ,      1.898351,    0.01730858, ,      1.999878,    0.01955985, , 
    0.9997114,     0.2276028, ,      1.505526,    0.05519444, ,      1.781579,    0.03150866, ,      1.854111,    0.02526012, ,      1.853593,     0.0217328, ,      2.008065,    0.03724432, , , , ,      2.079005,    0.02669694, ,      1.915762,     0.0176708, ,      2.014277,    0.02009326, , 
     1.006443,     0.2297513, ,      1.494288,    0.05948028, ,      1.791674,     0.0319396, ,      1.869659,    0.02554551, ,      1.870719,    0.02200658, ,      2.004979,    0.03920344, , , , ,      2.082612,     0.0275147, ,      1.932621,    0.01807191, ,      2.029396,    0.02052121, , 
     1.013148,     0.2318382, ,      1.460989,    0.06847645, ,      1.801205,    0.03244852, ,      1.884601,    0.02585449, ,      1.887565,    0.02228962, ,       2.00074,    0.04140617, , , , ,      2.085927,    0.02840923, ,      1.948968,    0.01850577, ,      2.044028,    0.02096305, , 
     1.019851,     0.2338702, , , , ,      1.810144,    0.03302945, ,      1.898328,    0.02618086, ,      1.904027,    0.02258765, ,      1.994846,    0.04390167, , , , ,      2.094243,    0.03294099, ,      1.964863,    0.01896293, ,      2.058093,    0.02142161, , 
     1.026417,     0.2358127, , , , ,      1.818933,    0.03365938, ,      1.910746,    0.02652992, ,      1.920058,    0.02290311, ,      1.987333,    0.04675636, , , , ,      1.211011,     0.2091967, ,      1.980248,    0.01944407, ,      2.071571,    0.02189593, , 
     1.032094,     0.2376045, , , , ,      1.827472,    0.03433719, ,      1.922434,     0.0268965, ,      1.935614,    0.02323852, , , , , , , , , , ,      2.007063,    0.02070736, ,      2.084398,     0.0223858, , 
     1.037074,      0.239244, , , , ,      1.835735,    0.03507302, ,       1.93177,     0.0273126, ,      1.950546,    0.02360243, , , , , , , , , , ,      2.021665,    0.02116114, ,      2.096277,    0.02289426, , 
      1.04352,     0.2415255, , , , ,      1.843641,     0.0358759, ,      1.939207,    0.02779938, ,      1.964552,    0.02401687, , , , , , , , , , ,        2.0357,    0.02163194, ,      2.105905,    0.02341224, , 
, , , , , ,      1.851317,    0.03672842, ,      1.946793,    0.02835892, ,      1.977236,    0.02448917, , , , , , , , , , ,      2.049185,     0.0221163, ,      2.114059,    0.02395224, , 
, , , , , ,      1.858297,    0.03768405, ,      1.953565,     0.0290196, ,      1.987256,    0.02504047, , , , , , , , , , ,      2.061971,    0.02261931, ,      2.120712,    0.02452184, , 
, , , , , ,      1.864392,    0.03876836, ,      1.959044,    0.02982349, ,      1.994582,    0.02570811, , , , , , , , , , ,      2.098593,    0.02481545, ,      2.123611,    0.02514676, , 
, , , , , ,      1.868982,    0.04003282, ,      1.752987,    0.05864083, ,        1.9453,    0.03094115, , , , , , , , , , ,      2.101259,    0.02545205, ,      2.131693,    0.02660253, , 
, , , , , ,      1.871776,    0.04153701, , , , ,      1.945244,    0.03220333, , , , , , , , , , ,      2.105094,    0.02616345, ,      2.135622,     0.0274331, , 
, , , , , ,      1.871829,    0.04340173, , , , ,      1.944345,    0.03361161, , , , , , , , , , ,      2.108946,    0.02694321, ,      2.139199,    0.02834008, , 
, , , , , ,      1.867506,    0.04580272, , , , ,      1.942459,    0.03519429, , , , , , , , , , ,      2.112685,    0.02779377, , , , , 
, , , , , ,      1.855776,    0.04889975, , , , ,      1.939575,    0.03697489, , , , , , , , , , ,      2.116041,     0.0287243, , , , , 
, , , , , ,      1.838638,    0.05339417, , , , ,       1.93535,    0.03899251, , , , , , , , , , ,      2.118894,     0.0297414, , , , , 
, , , , , ,      1.815971,    0.05914392, , , , ,      1.929374,    0.04133187, , , , , , , , , , ,      2.121273,    0.03085648, , , , , 
, , , , , ,      1.789465,    0.06611578, , , , ,      1.921919,    0.04398726, , , , , , , , , , ,      2.122947,    0.03207925, , , , , 
, , , , , ,      1.758862,    0.07466093, , , , ,      1.912528,     0.0470616, , , , , , , , , , ,      2.123957,    0.03342326, , , , , 
, , , , , ,      1.719834,    0.08557925, , , , ,      1.900553,    0.05068823, , , , , , , , , , , , , , , , , 
, , , , , , , , , , , ,      1.885091,    0.05506227, , , , , , , , , , , , , , , , , 
, , , , , , , , , , , ,      1.864892,    0.06052729, , , , , , , , , , , , , , , , , 

